{
    "coffee": "The campus coffee bar is open from 8 AM to 8 PM.",
    "Fee structure": "To find more info on Fee structure please vist our website",
    "library": "The library is open from 7 AM to 11 PM on weekdays.",
    "admission": "You can find admission details on our website or contact the admissions office.",
    "sports": "We have a range of sports facilities including a gym, swimming pool, and courts.",
    "housing": "The on-campus housing application opens in January.",
    "scholarships": "You can explore scholarship opportunities on our financial aid webpage.",
    "courses": "The list of available courses is published on the academic portal.",
    "events": "Check out the upcoming university events on our events calendar.",
    "transportation": "The university provides shuttle services from 7 AM to 10 PM.",
    "exams": "Exam schedules will be announced two weeks before the exam period.",
    "thank you": "You are welcome."

}
